Java Dev;Backend;Phan Mem;CNTT;Cong Nghiep;*
Python Dev;Backend;Phan Mem;CNTT;Cong Nghiep;*
Go Dev;Backend;Phan Mem;CNTT;Cong Nghiep;*
React Dev;Frontend;Phan Mem;CNTT;Cong Nghiep;*
Vue Dev;Frontend;Phan Mem;CNTT;Cong Nghiep;*
Angular Dev;Frontend;Phan Mem;CNTT;Cong Nghiep;*
Network Admin;Mang;Ha Tang;CNTT;Cong Nghiep;*
Cisco Engineer;Mang;Ha Tang;CNTT;Cong Nghiep;*
AWS Architect;Cloud;Ha Tang;CNTT;Cong Nghiep;*
Azure Specialist;Cloud;Ha Tang;CNTT;Cong Nghiep;*
Tho Han;O To;Lap Rap;San Xuat;Cong Nghiep;*
Tho Son;O To;Lap Rap;San Xuat;Cong Nghiep;*
KCS;Dien Tu;Lap Rap;San Xuat;Cong Nghiep;*
Tho Lap Mach;Dien Tu;Lap Rap;San Xuat;Cong Nghiep;*
Chuyen Vien Tin Dung;Tin Dung;Ngan Hang;Tai Chinh;Dich Vu;*
Tham Dinh Vien;Tin Dung;Ngan Hang;Tai Chinh;Dich Vu;*
Giao Dich Vien;Giao Dich;Ngan Hang;Tai Chinh;Dich Vu;*
Kiem Soat Vien;Giao Dich;Ngan Hang;Tai Chinh;Dich Vu;*
Bac Si Tim Mach;Noi Khoa;Lam Sang;Y Te;Dich Vu;*
Bac Si Tieu Hoa;Noi Khoa;Lam Sang;Y Te;Dich Vu;*
Bac Si Gay Me;Ngoai Khoa;Lam Sang;Y Te;Dich Vu;*
Bac Si Phau Thuat;Ngoai Khoa;Lam Sang;Y Te;Dich Vu;*
