Ky Su CNTT;Ky Thuat;Cu Nhan;Dai Hoc & Sau DH;*
Ky Su Co Khi;Ky Thuat;Cu Nhan;Dai Hoc & Sau DH;*
Cu Nhan QTKD;Kinh Te;Cu Nhan;Dai Hoc & Sau DH;*
Cu Nhan Ke Toan;Kinh Te;Cu Nhan;Dai Hoc & Sau DH;*
Thac Si Khoa Hoc DL;Khoa Hoc;Thac Si;Dai Hoc & Sau DH;*
Thac Si Toan;Khoa Hoc;Thac Si;Dai Hoc & Sau DH;*
MBA;Quan Tri;Thac Si;Dai Hoc & Sau DH;*
Thac Si Quan Ly Cong;Quan Tri;Thac Si;Dai Hoc & Sau DH;*
Chuyen Toan;Chuyen;THPT;Pho Thong;*
Chuyen Ly;Chuyen;THPT;Pho Thong;*
Lop Chon;Thuong;THPT;Pho Thong;*
Lop Dai Tra;Thuong;THPT;Pho Thong;*
